<?xml version="1.0" encoding="iso-8859-1"  ?>

<installation version="1.0">

  <info>
    <appname>Go-Time</appname>
    <appversion>1.0.3</appversion>
    <javaversion>1.6</javaversion>
    <authors>
       <author name="Nicholas Padilla" email="nicholas@monstersoftwarellc.com"/>
    </authors>
    <url>http://www.monstersoftwarellc.com/Go-Time!</url>
    <uninstaller>${INSTALL_PATH}/Uninstaller</uninstaller>
    <pack200/>
  </info>

  <locale>
    <langpack iso3="eng"/>
  </locale>

  <guiprefs width="800" height="600" resizable="no">
    <splash>images/peas_load.gif</splash>
    <laf name="substance">
      <os family="windows" />
      <os family="unix" />
      <param name="variant" value="mist-silver" />
    </laf>
    <laf name="substance">
      <os family="mac" />
      <param name="variant" value="mist-aqua" />
    </laf>
    <modifier key="useHeadingPanel" value="yes" />
  </guiprefs>

  <resources>
     <res id="LicencePanel.licence" src="../license.txt"/>
     <res id="InfoPanel.info" src="../readme.txt"/>
  </resources>

  <panels>
    <panel classname="HelloPanel"/>        
    <panel classname="InfoPanel"/>
    <panel classname="LicencePanel"/>
    <panel classname="TargetPanel"/>
    <panel classname="PacksPanel"/>
    <panel classname="SummaryPanel"/>
    <panel classname="InstallPanel"/>
    <panel classname="ShortcutPanel"/>
    <panel classname="FinishPanel"/>
  </panels>

  <packs>
    <pack name="Go-Time" preselected="yes" required="yes">
      <description>The core files needed for the Go-Time! application</description>
      <fileset dir="/media/Data/workspaces/rcpWorkspace/GoTimeUpdateSite/macosx.carbon.x86/GoTime" targetdir="${INSTALL_PATH}" override="true">
      </fileset>
      <executable targetfile="$INSTALL_PATH/gotime" keep="true" />
    </pack>
  </packs>

</installation>


